y_true,y_pred_best
1339096.0772451318,1308587.9269971373
1251794.178836864,1237037.2294939114
1340094.9662054193,1243429.340307219
1431507.6234279652,1228900.2136043748
1042373.5240960824,1063320.907107473
1555320.5000011197,1544058.0503481724
1250882.2917570665,1094774.704930339
1039380.7224796106,833284.7233924852
832475.189015321,788412.8557875566
1420648.2808698171,1469714.8661569604
